<?xml version="1.0" encoding="UTF-8"?>
<codeBook xsi:schemaLocation="ddi:codebook:2_5 http://www.ddialliance.org/Specification/DDI-Codebook/2.5/XMLSchema/codebook.xsd" version="2.5" xmlns="ddi:codebook:2_5" xmlns:xsi="http://www.w3.org/2001/XMLSchema-instance">
	<docDscr>
		<citation>
			<titlStmt>
				<titl>DDI2.5 XML CODEBOOK</titl>
			</titlStmt>
		</citation>
	</docDscr>
	<stdyDscr>
		<citation>
			<titlStmt>
				<titl>Access to Healthy Assets &amp; Hazards index (AHAH) - 2019 - Local Authority District Geodata Pack: Liverpool (E08000012)
				</titl>
				<altTitl/>
			</titlStmt>
			<rspStmt>
				<AuthEnty>Konstantinos Daras</AuthEnty>
				<AuthEnty>Alex Singleton</AuthEnty>
				<AuthEnty>Mark A Green</AuthEnty>
				<AuthEnty>Alec Davies</AuthEnty>
				<othId/>
			</rspStmt>
			<prodStmt>
				<producer>ESRC Consumer Data Research Centre </producer>
				<copyright>The following attribution statements must be used to acknowledge copyright and source in use of these datasets:
Data provided by the ESRC Consumer Data Research Centre
Contains LDC data 2016;
Contains Office for National Statistics boundaries;
Contains CDRC data</copyright>
				<fundAg>Economic and Social Research Council</fundAg>
				<grantNo>ES/L011840/1</grantNo>
			</prodStmt>
			<distStmt>
				<depositr>Konstantinos Daras, University of Liverpool</depositr>
				<distDate></distDate>
			</distStmt>
			<serStmt>
				<serName>AHAH index</serName>
			</serStmt>
			<verStmt>
				<version></version>
			</verStmt>
		</citation>
		<stdyInfo>
			<subject>
				<keyword>E08000012</keyword>
				<keyword>Liverpool</keyword>
				<keyword>2019</keyword>
				<topcClas>Health</topcClas>
			</subject>
			<abstract>This geodata pack provides the CDRC AHAH index for the year 2019 covering the Local Authority District: Liverpool (E08000012)
			</abstract>
			<sumDscr>
				<timePrd>2019</timePrd>
				<collDate></collDate>
				<nation>England</nation>
				<geogCover>Liverpool</geogCover>
				<geogUnit>LSOA</geogUnit>
				<anlyUnit>LSOA</anlyUnit>
				<universe/>
				<dataKind>Shapefile</dataKind>
			</sumDscr>
		</stdyInfo>
		<method>
			<dataColl>
				<timeMeth/>
				<dataCollector>CDRC</dataCollector>
				<sampProc/>
				<deviat/>
				<collMode/>
				<sources>
					<dataSrc>CDRC AHAH index 2019</dataSrc>
				</sources>
				<weight/>
			</dataColl>
		</method>
		<dataAccs>
			<setAvail>
				<accsPlac>Consumer Data Research Centre</accsPlac>
				<accsPlac>UK Data Service</accsPlac>
			</setAvail>
			<useStmt>
				<restrctn/>
				<contact>data@cdrc.ac.uk</contact>
			</useStmt>
		</dataAccs>
		<othrStdyMat>
			<relStdy/>
			<relPubl>DOI: 10.1038/s41597-019-0114-6; DOI: 10.13140/RG.2.2.11939.66083; DOI: 10.6084/m9.figshare.8295842.v1; DOI: 10.1016/j.healthplace.2018.08.019</relPubl>
			<othRefs/>
		</othrStdyMat>
	</stdyDscr>
</codeBook>
